,name,citi id,humidity,cloudiness,windspeed,latitude,temperature
0,Anqiu,1817990,61,50,5.82,36.43,50.54
1,Calauan,1720466,88,90,2.24,14.09,77.54
2,Turmeque,3666562,56,73,6.4,5.32,66.27
3,Krasna Lipa,3072889,81,75,6.93,50.91,45.03
4,Nueva Rosita,3994667,63,99,20.65,27.95,78.13
5,Cesano Boscone,6534280,93,40,2.24,45.44,48.33
6,Cessnock,7839710,27,0,6.76,-32.89,68.43
7,Petrovice u Karvine,3068345,70,7,10.29,49.9,45.61
8,Meilhaud,2994744,87,75,3.36,45.55,46.4
9,Hagnaya,1711991,81,84,9.6,11.09,78.26
10,Newport Pagnell,2641591,93,93,6.93,52.09,44.71
11,Piquillin,3841035,47,90,13.94,-31.3,76.08
12,Boulder County,5574999,39,20,16.11,40.08,50.54
13,Miaoxi,1800560,59,99,1.21,30.78,62.47
14,Kosamphi Nakhon,7510881,93,17,0.43,16.63,73.29
15,Andacollo,3899680,67,0,16.11,-30.23,76.44
16,San Martin de Pusa,2511289,64,36,3.0,39.78,56.17
17,Dayingjie,6824706,90,1,1.66,24.31,50.74
18,Wieprz,3082192,81,0,2.24,49.89,45.09
19,Jedlinsk,770165,66,75,5.99,51.51,47.75
20,Wręczyca Wielka,7531771,75,5,8.05,50.84,45.05
21,Tigard,5756758,81,75,4.7,45.43,45.27
22,West Branch,4881274,58,1,12.75,41.67,53.04
23,Oldřichovice,3069067,81,75,4.7,49.99,45.5
24,Koge,2618415,80,84,2.77,55.46,38.77
25,Shirochanka,494249,68,21,7.34,46.65,58.73
26,Otse,933184,18,0,6.93,-25.02,87.8
27,Altenberge,2957828,93,77,2.24,52.82,42.67
28,Distrikt Brokopondo,3384481,47,24,6.91,4.75,90.97
29,Dolní Liboc,3076793,87,75,8.05,50.08,45.39
30,Nevele,2790236,93,75,2.24,51.06,47.32
31,Uhyst am Taucher,2820313,81,75,6.93,51.2,45.66
32,Cachoeirinha,3468403,44,0,12.75,-29.95,77.43
33,Bridgewater,5083803,36,40,10.29,43.64,45.57
34,Rappweiler,2850315,93,90,3.36,49.55,47.03
35,Loma de La Virgen,3753611,91,37,5.32,8.59,57.6
36,Bulgneville,3029580,93,100,6.93,48.21,46.76
37,Sea Cliff,5137484,34,1,10.29,40.85,53.11
38,Mmabatho,975436,22,0,8.05,-25.85,80.6
39,Vattalkundu,1253352,78,20,2.24,10.17,82.4
40,Collado de Contreras,6355670,76,75,10.29,40.88,45.48
41,Lechón,6362827,44,26,4.7,41.09,50.9
42,Ban Don Muang,1603786,79,90,3.56,17.38,68.76
43,Valdeolmos,3106843,44,40,10.29,40.64,53.64
44,Ayacucho,3436221,33,0,8.99,-37.15,84.94
45,Grosseto,3175786,82,20,2.24,42.77,57.18
46,Campotejar,2520401,58,40,6.93,37.48,52.74
47,Wiedemar,2809628,87,100,4.7,51.47,46.69
48,Repentigny,6119518,38,40,31.09,45.74,39.61
49,Landen,4516248,40,75,8.05,39.31,51.91
50,Bahlingen,2953276,76,80,6.93,48.12,48.29
51,Paola,4276956,72,1,4.7,38.57,60.94
52,Martinroda,2873140,87,75,6.93,50.8,45.46
53,Várzea do Poço,3445453,27,40,6.29,-11.53,91.27
54,Ampezzo,3183105,93,75,10.29,46.41,49.28
55,Araal,1730279,94,89,8.52,10.42,73.42
56,Ngelak,8060698,67,66,9.75,-6.69,81.09
57,Vigliano Biellese,3164368,100,40,3.36,45.56,49.08
58,Saint-Gatien-des-Bois,2980046,93,75,5.82,49.35,48.27
59,Zhongfan,1784463,55,86,1.28,28.54,61.25
60,Tiefenbach,2822436,100,75,3.42,49.18,44.42
61,Kanghwa,1843163,100,75,1.12,37.75,46.04
62,Facaeni,678513,63,92,12.75,44.57,64.04
63,Shirbin,349114,78,0,16.11,31.2,77.0
64,Vaz/Obervaz,7287424,100,75,7.11,46.73,36.23
65,Wenquan,1791440,62,93,3.27,30.85,55.35
66,Meisenburg,2872176,100,91,1.12,51.38,44.69
67,Jomboy,1217414,80,0,6.93,39.7,35.6
68,Tramelan,2658331,87,90,3.36,47.22,43.72
69,Sumberagung,8080468,75,51,5.41,-6.89,77.2
70,Bagacay,1729304,74,90,14.99,9.87,80.6
71,Waasmunster,2784231,93,75,2.24,51.11,47.82
72,Templeoran,3313943,93,75,5.82,53.4,43.32
73,Dikili,316726,73,20,9.17,39.07,69.17
74,Krzeszow,767283,93,1,4.7,50.4,43.32
75,Henggang,1808494,48,100,2.93,29.56,61.07
76,Beklemishevo,578272,100,75,4.47,56.21,50.5
77,Buryn,711116,73,91,14.7,51.2,58.46
78,Blenheim,2175332,87,0,2.53,-27.67,55.71
79,Shigony,494531,87,99,16.67,53.39,51.01
80,Gzira,2562946,72,20,14.99,35.91,65.7
81,Gamovo,562070,93,75,17.9,57.87,46.4
82,Mengcheng Chengguanzhen,1800764,48,100,2.59,33.27,57.43
83,Cinzano,3178662,93,75,2.24,45.09,48.06
84,Durnkrut,2780607,87,24,1.12,48.47,47.48
85,Pangdan,1695324,86,41,1.77,11.74,75.54
86,Calbayog City,1720400,77,8,17.76,12.07,82.42
87,Garbolovo,561999,68,100,11.18,60.34,28.18
88,Ofen,3208244,93,20,3.36,53.17,43.21
89,Ocauçu,3456034,69,75,11.41,-22.44,78.8
90,Morton,2156849,25,75,33.33,-35.4,64.67
91,Rulong,1797039,53,18,2.86,30.94,16.48
92,Roussillac,3573822,70,20,11.41,10.22,84.36
93,Epping,5085913,31,20,6.93,43.03,50.77
94,Itumba,158876,66,21,9.73,-9.4,68.83
95,Harlem,4158091,66,75,6.93,26.74,84.9
96,Montjoire,2992347,87,40,8.05,43.77,50.92
97,Pyatigorsk,503550,46,0,4.47,44.05,53.24
98,Charron,3026480,67,86,11.41,46.29,54.27
99,Salsacate,3838237,59,79,5.99,-31.32,66.99
100,Walpersbach,2761944,81,75,6.93,47.72,47.32
101,Pokrovka,2017838,63,100,10.07,43.95,28.22
102,Morozovskiy,700754,87,75,11.18,48.65,59.0
103,Ansião,8010543,100,75,6.93,39.93,59.68
104,Knobelsdorf,2887133,81,75,6.93,51.08,45.52
105,Vizela,2732240,100,75,12.75,41.39,56.5
106,Zhongyun,1550035,74,93,3.58,34.65,53.29
107,Mecklenburg County,4478884,31,20,5.82,35.27,63.97
108,Estialescq,3019540,87,90,4.18,43.22,52.95
109,Dan Sadau,2345213,27,0,5.28,11.3,80.28
110,Ridgewood,5103269,34,1,10.29,40.98,52.95
111,Huntington,4921725,34,40,11.41,40.88,49.69
112,Bollberg,6550348,87,75,6.93,50.88,45.45
113,Llansannan,2643953,93,40,4.7,53.18,43.27
114,Urigoiti,3107214,87,75,4.7,43.09,53.76
115,Gordon County,4197608,48,1,5.14,34.5,66.38
116,Rumst,2787522,93,75,2.24,51.08,47.84
117,Almazul,3130310,78,13,1.01,41.57,43.45
118,Waddinxveen,2745096,93,75,4.7,52.05,46.76
119,Hoviksnas,2704662,74,75,4.7,58.03,32.45
120,Petaẖ Tiqwa,293918,47,11,2.24,32.09,73.29
121,Castroregio,2525071,93,75,5.82,39.99,60.62
122,Enzersfeld,7872903,81,75,6.93,48.36,46.98
123,Krieglach,2773447,93,75,2.24,47.53,46.92
124,Busenhausen,6553373,93,75,1.12,50.72,45.32
125,Kangping,2036325,40,0,6.49,42.74,29.57
126,Solferino,3166427,87,75,6.93,45.37,49.78
127,Infesta,2738700,100,75,12.75,41.2,56.61
128,Starkovo,488926,93,75,4.47,55.55,49.28
129,Longueville,2997653,93,85,6.93,48.52,48.34
130,Joliette,5987650,38,40,31.09,46.02,39.02
131,Jupiá,3459447,70,99,6.35,-26.4,78.08
132,Irsta,2703525,68,100,11.41,59.7,30.65
133,Pohbango,1630962,73,67,5.91,-6.64,76.73
134,Heffingen,2960481,93,75,9.17,49.76,46.6
135,San Garcia de Ingelmos,3110612,76,75,10.29,40.77,47.95
136,Castro Marim,8011983,48,75,14.99,37.23,66.07
137,Karvia,653812,92,96,6.29,62.2,15.8
138,Altenmünster,6557128,87,90,3.36,48.47,43.23
139,Newport,5223593,37,20,14.99,41.49,51.71
140,Alexandreia,736929,82,20,2.24,40.63,63.09
141,Al Maalla,73422,58,0,6.64,12.79,81.63
142,Andreyevka,581932,93,75,4.47,55.22,48.49
143,Osse,2989122,81,81,9.17,48.06,51.12
144,Bensenville,4884509,43,75,16.11,41.95,50.86
145,Casalarreina,3126107,71,40,4.7,42.55,52.39
146,Oberrod,2859273,93,100,8.05,50.58,47.03
147,Glandore,2964120,81,20,12.75,51.57,43.48
148,Angostura,4018499,59,100,3.0,25.37,85.05
149,Altstatten,2661766,66,75,4.7,47.38,42.8
150,Tamalin,3516410,91,97,8.43,21.35,76.06
151,Welshofen,2811392,93,75,8.05,48.32,44.35
152,Pietrari,670862,91,100,1.99,45.1,54.01
153,Lerma,6356478,76,90,10.29,42.0,49.69
154,Puerto de Güimar,2512198,87,75,12.75,28.29,65.16
155,Buturlino,570564,89,100,13.78,55.57,51.44
156,Woodford,2633658,81,75,4.7,51.6,45.25
157,Obeliai,596544,92,98,5.84,55.97,45.45
158,Torrechiva,3107846,36,39,3.36,40.05,63.57
159,Sengerich,2833047,93,90,3.36,50.12,46.38
160,Dorumali,316270,49,0,1.63,36.8,64.67
161,Sindanghaji,8076419,77,67,2.3,-7.36,76.08
162,Fonteno,6534966,93,75,2.24,45.76,48.27
163,Gorseinon,7299727,87,100,5.82,51.68,46.8
164,Zumarraga,3104219,71,40,4.7,43.09,52.99
165,Sommerach,2831455,100,90,6.93,49.83,45.54
166,Matangad,1700433,88,80,5.01,8.58,75.99
167,Greenacres,5354157,13,1,4.7,35.38,69.04
168,Gabi,1713478,81,77,23.44,11.6,82.09
169,Arana,3129884,87,75,4.7,43.3,53.74
170,Minatitlan,3995794,69,40,11.41,19.37,83.44
171,Topen,2821864,93,40,6.93,50.38,42.71
172,Saint-Nicolas-de-la-Grave,6445035,87,64,5.82,44.07,52.21
173,Cellino Attanasio,3179193,39,97,4.7,42.59,59.49
174,Side,301238,72,0,4.7,36.77,66.2
175,Geidam,2341294,13,47,10.18,12.9,88.18
176,Hombrados,3120728,52,26,8.05,40.8,41.45
177,Los Gallardos,2514717,72,0,2.24,37.17,53.87
178,Sachsenhagen,2842531,93,20,4.7,52.4,44.53
179,Karytnaye,626864,82,100,12.48,53.17,47.79
180,Lohe,2876326,100,90,6.93,49.5,45.82
181,Maredakamau,7336533,80,36,4.36,-9.44,78.12
182,Elmsford,5116512,34,1,6.98,41.06,52.93
183,Macambira,3458257,66,20,17.22,-10.67,84.2
184,Campbelltown Municipality,2172583,31,0,21.92,-34.08,69.39
185,Prittriching,6556264,93,75,5.82,48.2,43.57
186,Geneslay,3016365,81,75,6.93,48.51,49.77
187,Lom,729581,77,100,2.59,43.81,57.92
188,Scalenghe,3167000,93,75,2.24,44.89,48.99
189,Plain Dealing,4337395,53,1,6.44,32.91,72.43
190,Nardt,2867080,81,75,6.93,51.45,45.59
191,Neuenhausen,2865689,100,97,1.12,51.07,45.97
192,Usady,478479,92,99,8.37,56.93,36.46
193,Chatsworth,5920470,59,75,14.99,44.45,36.66
194,Neupotz,6555017,100,90,4.7,49.12,48.45
195,Gemeente IJsselstein,2753354,100,90,1.12,52.02,46.54
196,Yuanquan,1529004,38,24,29.01,40.5,44.78
197,Muhammadabad,1262625,48,0,1.34,26.03,70.83
198,Gemeente Uithoorn,2745972,81,91,2.24,52.24,45.68
199,Bulli,2173445,53,0,21.92,-34.33,70.5
200,Wellington,4177703,66,75,13.87,26.66,85.08
201,Abhar,145034,65,0,4.14,36.15,44.31
202,Chelmsley Wood,6698373,100,75,8.05,52.48,43.86
203,Ziyun,7061735,54,100,2.95,33.82,55.8
204,Thung Wa,1154190,92,91,1.63,7.11,73.8
205,Caher,2965872,81,40,13.87,52.96,43.83
206,Svratouch,3064413,81,75,4.7,49.72,45.75
207,Quinssaines,6425432,93,75,3.0,46.33,46.0
208,Faramontanos de Tábara,6362506,86,97,15.59,41.86,47.3
209,Torre de las Arcas,3107814,44,7,4.7,40.84,52.47
210,Guayuan,2037174,65,0,5.48,40.02,39.51
211,Constantim,2740582,97,100,5.79,41.28,53.01
212,Yangjiapo,1787521,81,20,8.95,39.29,48.2
213,Agarak,175007,33,0,2.86,39.21,47.37
214,Villabáñez,6362317,76,75,13.87,41.63,51.62
215,Jorasti,675182,60,64,1.81,45.98,62.31
216,Genc,314648,38,0,2.95,38.75,51.71
217,Pisa,3170647,87,75,5.82,43.72,51.03
218,Rusavkino-Romanovo,500525,93,75,4.47,55.71,48.63
219,Vesseaux,2969559,81,90,1.12,44.65,48.42
220,Banjarsari Kidul,7034776,90,2,3.94,-8.13,71.02
221,Erce-en-Lamee,3019941,81,81,9.17,47.83,51.39
222,Cernado,3125343,93,75,10.29,43.18,56.43
223,Agost,2522419,36,16,11.41,38.44,59.31
224,Molsheim,2993476,81,93,8.05,48.54,48.76
225,Colwood,5926268,87,1,3.36,48.43,47.95
226,Ortakoy,303304,30,0,2.15,37.33,38.64
227,Oktyabr’sk,515938,87,90,16.49,53.17,50.2
228,Chiknayakanhalli,1274219,74,75,1.86,13.42,71.65
229,Khuzdar,7082481,31,0,7.09,27.74,54.39
230,Aknashen,866089,32,0,1.12,40.1,42.8
231,Hüttlingen,6555585,100,90,6.93,48.89,44.98
232,Pasirluhur,7921764,94,71,4.27,-7.1,65.17
233,Baijiazhuang,1817630,73,0,2.26,39.36,35.58
234,El Piquete,3857228,34,24,4.0,-31.57,83.98
235,Schierenbrink,2839420,93,20,4.7,52.17,43.99
236,Plan-dAups-Sainte-Baume,2986891,62,20,14.99,43.33,54.09
237,Ernstbrunn,7872905,81,75,6.93,48.53,46.92
238,Ambositra,1079088,95,25,2.55,-20.52,63.43
239,Sidzina,3086110,81,0,2.24,49.99,43.75
240,Bagorejo,1650627,84,44,4.59,-8.4,76.24
241,Midlum,6551576,100,75,1.12,54.72,41.34
242,Coalbrookdale,2652708,100,75,8.05,52.64,43.05
243,Uacon,1680512,88,100,3.09,15.68,74.1
244,Elgeta,6358123,71,40,4.7,43.16,53.94
245,Pabu,2988856,93,91,5.82,48.59,50.13
246,Atotonilco,3532580,55,20,6.93,19.37,64.83
247,Ogaki,1854703,76,20,5.82,35.35,50.61
248,San Torcuato,3109522,66,20,8.05,42.48,51.44
249,Remsen,4872752,74,90,17.22,42.81,30.02
250,Esternay,3019549,100,75,8.05,48.73,47.19
251,Berat,3033435,87,40,8.05,43.38,50.31
252,San Marco Argentano,2523426,81,100,1.99,39.56,59.0
253,Estação do Mogadouro,2739841,86,91,7.54,41.34,48.69
254,Alexanderville,3379893,70,75,13.87,6.83,90.75
255,Lincoln Village,4516701,42,1,6.93,39.95,48.56
256,Saint-Michel,6425215,100,97,4.7,49.92,46.6
257,Pompeia,3453242,69,75,11.41,-22.11,78.8
258,Klokovo,547429,84,100,14.67,54.25,53.51
259,OEting,2989736,100,75,11.41,49.17,47.53
260,Saint Francisville,4339684,49,1,6.93,30.78,74.32
261,Fulton County,4920550,43,1,17.22,41.06,49.55
262,Macieira,3458193,56,98,2.19,-26.86,78.93
263,Algaba (La),6360962,42,20,11.41,37.48,65.17
264,Eschenz,7285767,81,20,3.36,47.64,43.43
265,Seberangpadang,7102366,88,7,2.64,-0.95,65.46
266,Avelãs de Caminho,8014389,100,75,8.05,40.48,57.56
267,Tolstyakovo,482303,100,75,4.47,56.28,48.2
268,Smederevo,785756,87,100,4.7,44.66,55.81
269,Panambi,3430178,61,38,1.99,-27.72,87.01
270,Isidoro Noblia,3442299,38,0,10.29,-31.83,72.32
271,Phaya Mengrai,1607971,100,98,3.36,19.85,69.8
272,Hoxel,2898325,93,90,3.36,49.77,46.76
273,La Pedraja de Portillo,3119262,76,75,13.87,41.47,51.62
274,Winnert,2807864,93,98,2.95,54.43,41.92
275,Hongtang,1924241,49,95,2.75,28.36,62.51
276,Valtierra,6359796,66,12,1.12,42.21,52.02
277,Gaoqiao,2037275,37,2,10.76,40.9,35.4
278,Papenburg,2855525,93,70,2.24,53.07,42.96
279,Kropstadt,2883570,100,75,3.36,51.97,46.09
280,Goleszow,3098959,70,47,10.29,49.74,43.9
281,Zipacon,3665544,40,75,8.05,4.76,69.8
282,Berg im Gau,6556332,93,75,8.05,48.63,44.38
283,Udobnaya,479596,4,0,4.0,44.19,57.0
284,Mangga,1701899,94,90,2.24,15.25,76.17
285,Wangelin,2814291,93,75,3.36,53.39,43.97
286,Ciketak,8054266,90,93,7.76,-7.01,68.05
287,Fulpmes,7873605,93,75,1.12,47.14,40.05
288,Augustinusga,2759611,93,90,2.24,53.22,41.29
289,Saint-Andre-lez-Lille,2981779,93,90,3.36,50.67,45.75
290,Venda Nova,2732838,100,75,8.05,40.4,58.48
291,Croydon North,2169866,66,40,18.34,-37.78,51.8
292,Batudulang,1649740,83,73,3.8,-8.59,73.22
293,Los Prietos,3117952,87,75,11.41,43.34,54.01
294,Kangarilla,2068782,62,75,19.46,-35.15,56.61
295,Tubinskiy,480704,55,75,20.13,52.89,35.6
296,Pembroke,6100832,55,90,3.36,45.82,35.87
297,Cimanes del Tejar,6358601,87,75,10.29,42.6,47.52
298,Luzhki,6423267,97,100,7.34,56.82,46.81
299,Taquarituba,3446752,48,88,11.54,-23.53,82.09
300,Zoushi,1783636,72,92,5.75,29.04,58.71
301,Tykocin,7533500,79,62,15.17,53.2,49.01
302,Jieguan,1940915,49,99,4.56,31.43,58.64
303,Kirchbach,7872756,93,90,1.12,46.64,42.64
304,Saint-Georges-Haute-Ville,2979905,76,90,2.24,45.55,46.36
305,Acri,6540781,93,75,8.05,39.49,60.06
306,Birowo,7375263,95,53,0.27,-8.22,65.23
307,Ropraz,2658975,93,70,3.36,46.62,41.58
308,Pieve Fissiraga,6535370,93,40,2.24,45.26,48.96
309,Salceda,3111081,100,90,4.7,42.12,57.42
310,Chateauneuf-Grasse,3026256,76,0,3.36,43.67,55.26
311,Willerby,2633910,93,75,6.93,54.18,42.35
312,Sihlboden,6292765,81,75,4.7,47.27,43.16
313,Peniche (Conceição),8012397,82,40,4.7,39.36,59.86
314,Lacajunte,3010644,87,90,8.68,43.59,52.57
315,City and Borough of Liverpool,3333167,100,75,6.93,53.42,42.87
316,Haiger,2911964,100,75,5.82,50.75,45.16
317,Dayal Bagh,1273358,38,90,5.79,27.22,75.54
318,Morlaas,2991775,87,90,8.68,43.35,51.62
319,Dinnington,2651241,93,75,4.7,53.37,42.06
320,Gespunsart,3016172,100,96,4.7,49.82,46.22
321,Livingston,3593376,71,9,1.66,15.83,80.69
322,Kaltenbach,2774876,93,75,1.12,47.28,39.31
323,Néhou,2990801,81,40,10.29,49.42,50.27
324,Franklinton,4467161,51,1,5.82,36.1,63.41
325,Tomino,3108000,100,90,4.7,41.99,57.74
326,Biguglia,6448141,62,10,6.93,42.63,56.23
327,Luumaki,647288,79,100,9.17,60.93,20.82
328,Yurga,1485724,69,96,15.48,55.72,31.3
329,Oteiza,6359748,66,20,8.05,42.57,52.16
330,Ambillou,3037927,81,90,6.93,47.45,51.13
331,Tanger-Medina,6546249,59,40,10.29,35.77,64.62
332,Panikihan,1695137,82,98,8.79,13.9,80.06
333,Wiefelstede,2809544,93,20,3.36,53.25,43.48
334,Feixiang,1811439,56,0,1.9,36.55,53.37
335,Hayma,287939,61,0,9.95,19.93,77.38
336,Pasly,6425137,93,99,3.13,49.4,48.22
337,Obshtina Iskŭr,728347,67,75,2.24,43.5,60.8
338,Memmelsdorf,2872003,81,20,5.82,49.93,45.36
339,Sotillo de la Ribera,3108635,76,90,10.29,41.78,49.35
340,Stephanshausen,2827409,93,98,8.05,50.03,47.97
341,Schlotfeld,2838242,100,75,1.12,53.96,42.49
342,Batibo,2234684,90,34,0.25,5.84,63.72
343,Hancock,5119916,45,1,11.41,41.95,44.11
344,Lama Mocogno,6541538,87,74,3.36,44.31,50.41
345,Salitral,3622005,73,75,17.22,9.91,70.86
346,Koscielec,3095147,75,5,8.05,50.9,44.96
347,Villanueva de Cameros,6359151,66,20,8.05,42.16,48.88
348,Cuilco,3597802,48,0,5.14,15.4,70.97
349,Politischer Bezirk Bruck an der Leitha,2781372,81,75,6.93,48.05,46.81
350,Przywidz,3087758,87,75,8.05,54.2,43.2
351,Boley,4531160,93,90,5.82,35.49,62.24
352,Alb-Donau-Kreis,3220786,93,75,4.7,48.42,43.2
353,Urbanización José C. C. Maritegui,6198999,57,39,12.48,-9.13,73.6
354,Ayn al Fijah,172232,48,0,5.82,33.62,68.18
355,Amerta,7911864,90,81,0.89,-7.28,68.13
356,Vima Mica,662850,100,20,2.24,47.4,51.87
357,Dolores,2518842,36,2,11.41,38.14,59.88
358,Sławek,758967,66,20,9.17,52.35,51.24
359,Surheim,2824582,87,75,4.7,47.88,43.27
360,Achtrup,2959621,93,75,1.12,54.78,41.04
361,Porto Ercole,3170119,82,20,2.24,42.39,53.78
362,Monte Quemado,3843819,45,53,3.44,-25.81,88.14
363,Gramsh,783059,67,75,18.34,40.87,62.6
364,Brighton,7839351,70,40,13.87,-42.73,43.93
365,Balvan,733486,63,100,10.29,43.08,60.58
366,Sargur,1257178,93,40,3.85,11.98,68.54
367,Kumbe,7039322,86,44,8.37,-8.48,74.16
368,Las Torres de Cotillas,6359542,48,1,8.05,38.02,61.93
369,Roseto degli Abruzzi,6541925,39,97,4.7,42.67,59.47
370,San Gil,3669808,61,40,9.17,6.56,82.4
371,Velikiye Sorochintsy,690147,75,77,15.21,50.02,59.74
372,Hualahuises,3527021,50,13,11.83,24.88,83.16
373,Newmarket,5090246,31,20,6.93,43.08,50.59
374,Solim,1255844,88,40,4.7,15.62,80.6
375,Bonneuil-sur-Marne,6452010,93,75,4.7,48.77,49.1
376,Senigallia,6536781,76,40,4.7,43.71,53.35
377,Rabat,2538475,67,20,5.82,34.01,61.38
378,Donnelly,5941611,84,40,4.7,55.73,8.94
379,Massa Marittima,6538609,82,20,2.24,43.05,55.08
380,Skrzyszow,3085668,70,7,10.29,49.95,45.54
381,Moreiras,3116128,99,100,3.58,42.02,50.02
382,Salzbergen,2842175,93,84,2.24,52.33,42.78
383,Modella,2157345,81,96,7.0,-38.18,51.66
384,Shrewsbury,4561233,33,1,6.55,39.77,53.91
385,Kuyvozi,537992,68,100,11.18,60.32,28.18
386,Kangle,1804826,68,90,2.37,28.1,60.19
387,Land Niedersachsen,2862926,93,20,4.7,52.0,44.6
388,Kyaka,156124,83,20,0.13,-1.25,71.6
389,Guirang,1712239,86,41,1.77,11.35,75.54
390,Distrito de Bragança,2742026,86,91,7.54,41.5,48.69
391,Longeville-en-Barrois,2997719,93,75,6.93,48.74,47.93
392,Ajung,7083373,84,30,3.02,-8.13,65.34
393,Blissfield,4986398,52,90,5.82,41.83,38.19
394,Saint-Jeannet,6618144,67,20,10.29,43.75,49.95
395,Navajo,5480831,29,75,8.55,35.9,54.7
396,Malmö Kommun,2692965,65,45,4.7,55.58,37.71
397,Wulfershausen,2805929,100,90,6.93,50.05,46.27
398,Kersbeek-Miskom,2794516,87,75,2.24,50.89,47.89
399,Fahrstedt,2928090,100,75,1.12,53.95,42.64
400,Montaigu-de-Quercy,2993088,87,74,5.82,44.34,53.89
401,Vlasinesti,662553,71,100,10.29,47.93,56.16
402,Lens,3003093,93,90,3.36,50.43,45.73
403,Guochuan,1809362,74,98,5.97,32.16,60.21
404,San Felipe,1690088,87,19,10.07,14.02,77.83
405,Ruffiac,6437365,93,90,3.36,47.82,52.45
406,Manouane,6065403,62,32,13.6,47.21,27.55
407,Auroville,6620455,74,100,11.95,12.01,82.63
408,Taluya,1683690,74,100,3.13,5.81,73.24
409,Lindweiler,2877102,93,75,1.12,51.0,45.91
410,Schmidgaden,6556705,100,75,4.43,49.42,43.29
411,Département du Vaucluse,2970554,66,20,9.17,44.0,52.11
412,Valcele,662887,63,40,9.17,45.08,52.41
413,Strizkov,3064894,87,75,8.05,50.13,45.68
414,Rayet,2984329,81,90,3.36,44.65,52.02
415,Geestgottberg,2922105,93,100,1.99,52.95,46.35
416,Posterstein,2852499,100,75,3.36,50.87,44.62
417,Chernyatino,568579,92,100,8.59,56.42,39.52
418,Mesta,6459561,57,100,2.42,41.75,46.49
419,Changwat Nakhon Nayok,1608538,74,20,3.69,14.17,81.05
420,Of,741240,59,0,1.12,40.94,62.6
421,Girondo,3855003,50,0,11.01,-36.0,82.85
422,Ovsyannikovo,7601305,91,100,9.84,56.37,38.7
423,Bulverde,4677392,88,90,5.82,29.74,76.06
424,Henryville,4258799,47,40,5.82,38.54,55.29
425,Tavricheskoye,1518333,86,90,4.76,50.17,37.4
426,Le Chambon-sur-Lignon,3004774,80,75,2.24,45.06,46.33
427,Talavera,6358944,51,7,9.17,41.59,57.38
428,Shelby County,4264684,46,40,11.41,39.52,49.84
429,Thünahof,2822576,87,75,6.93,50.5,43.86
430,Tonala,3816721,49,4,7.85,16.08,81.59
431,Liuzikou,1802835,93,13,2.24,39.87,46.56
432,Polna,3067870,81,55,3.36,49.49,45.16
433,Anchorway,4267566,51,1,4.7,38.35,60.66
434,Rimbach,2846754,93,70,8.05,49.62,48.22
435,Brembate,3181577,93,75,2.24,45.6,48.54
436,District de Nyon,7285006,87,20,6.93,46.42,42.13
437,Bernkastel-Kues,2949998,93,20,6.93,49.92,46.89
438,Monterosso Almo,2524064,93,40,3.36,37.09,62.49
439,Siegenburg,2832492,93,75,8.05,48.75,44.76
440,Taschereau,6161761,58,75,12.75,48.67,26.8
441,Zhoujia,2033091,34,8,10.76,40.54,34.52
442,Anderstorp,2726026,86,100,4.7,58.88,29.46
443,Juigne-sur-Sarthe,3012119,76,67,6.93,47.87,50.5
444,Buyanbat,1516148,55,60,5.55,46.98,34.61
445,Weidhausen bei Coburg,2812931,93,40,6.93,50.2,43.41
446,Ballinameen,2966762,100,90,8.05,53.9,42.51
447,Reading,4948462,37,1,10.29,42.53,51.21
448,Obra,1261086,50,0,3.02,24.42,67.08
449,Wittorf,2807212,100,75,1.12,54.05,42.64
450,Werftpfuhl,2810898,93,75,2.24,52.66,46.18
451,Bagabag,1729322,98,83,0.09,16.61,70.86
452,Brenzikofen,7285327,86,40,2.24,46.81,42.01
453,Martinamor,3117349,76,75,10.29,40.81,48.96
454,Sankt Lorenzen bei Knittelfeld,7872395,100,100,2.24,47.26,46.47
455,Waworada,7456720,92,89,2.98,-8.67,72.09
456,Sobrón,3108819,71,40,4.7,42.77,51.49
457,Golpayegan,133037,51,0,2.44,33.45,51.21
458,Al Qanayat,360612,69,40,8.05,30.62,75.09
459,Pannell,4214668,48,1,8.05,33.77,67.39
460,Banjar Selat,7351129,94,20,4.7,-8.18,77.0
461,Saint-Martin-sur-Oust,6617129,93,90,3.36,47.75,52.45
462,El Haouaria,2473716,93,75,2.24,37.05,60.8
463,Viehhofen,2762392,87,75,4.7,47.37,41.47
464,Boisroger,3031979,81,40,10.29,49.09,50.23
465,Huejutla de Reyes,3526952,88,95,3.13,21.13,70.54
466,Dongshangguan,7048451,100,37,2.24,34.73,48.78
467,Palguyod,1696141,91,100,2.77,16.12,74.71
468,Aguim,2743273,100,75,8.05,40.42,57.56
469,Pavlovo,512063,68,100,11.18,59.81,28.8
470,Laichingen,2881857,76,75,5.82,48.49,43.52
471,Miggiano,2524160,82,75,9.17,39.96,64.29
472,Florence,4062577,40,1,5.82,34.8,66.99
473,Balsam Lake,5244607,58,90,10.29,45.45,29.16
474,Gampaha,1246007,83,20,1.97,7.09,82.4
475,Regny,2984153,76,90,2.24,45.98,48.27
476,Vega de Santa María,6355848,84,50,4.0,40.83,47.82
477,Liugongmiao,1924993,56,84,3.11,28.11,62.87
478,Bogotol,1509853,62,100,14.03,56.17,33.21
479,Sparks,4733485,57,90,9.17,30.93,76.64
480,Barakovo,6461219,57,100,5.35,42.07,46.49
481,Saint-Géréon,6612550,93,90,8.05,47.37,51.24
482,Yunyy,607706,82,91,9.84,47.07,35.01
483,Burelomka,570837,93,75,4.47,55.93,49.21
484,Lugos,6432291,93,28,4.7,44.48,53.13
485,Marcq-en-Baroeul,2995908,93,90,3.36,50.67,45.7
486,Mohafazat Mont-Liban,273607,44,0,4.7,33.92,67.42
487,Macot-la-Plagne,2996874,93,20,2.24,45.55,39.9
488,Beska,792651,93,100,6.93,45.13,54.54
489,Formerie,3017717,81,90,3.36,49.65,48.04
490,Blue Island,4885186,43,75,16.11,41.66,51.42
491,Iserlohnerheide,2895668,93,75,2.24,51.4,44.31
492,Ushshoky,1517643,39,24,10.63,46.5,43.66
493,Chamusca,2269336,100,75,6.93,39.36,59.4
494,Balintore,2656575,100,40,4.5,57.76,39.24
495,Hohen Schwarfs,2901485,93,75,3.36,54.03,43.74
496,Cleyrac,3024600,81,90,3.36,44.72,52.25
497,Daugavpils Rajons,460410,94,100,5.66,55.92,43.75
498,Sint-Truiden,2786545,87,75,2.24,50.82,47.7
499,Rouziers-de-Touraine,2982357,81,90,6.93,47.52,50.9
500,"Thayngen, Bibern",2661518,81,20,3.36,47.77,42.91
501,Fenglin,7643673,48,100,2.93,29.39,61.07
502,Departamento de Cochabamba,3919966,29,75,9.17,-17.5,78.8
503,Bönigen,7285290,93,75,2.24,46.68,42.28
504,Vosselaar,2784349,93,75,2.24,51.31,47.7
505,Sankt Lorenz,7872173,87,75,4.7,47.83,43.36
506,Huxley,4861422,57,20,13.87,41.9,42.42
507,Royat,2982338,87,75,3.36,45.76,46.11
508,Freinhausen,2925054,93,75,8.05,48.63,44.8
509,Zhanerxiang,1785341,93,1,3.24,33.78,39.99
510,Prádanos de Ojeda,6360089,76,90,10.29,42.66,49.08
511,Freudental,2924888,76,75,5.82,49.01,46.83
512,Wapno,3082635,100,90,8.05,52.91,46.81
513,Montebello,6076939,51,75,9.17,45.65,38.23
514,Horawala Junction,6285792,83,51,1.54,6.48,77.94
515,Paredes da Beira,8014644,89,100,4.0,41.06,54.0
516,Mancha Khiri,1608774,88,58,0.27,16.13,71.6
517,Odderade,6551360,100,75,4.59,54.13,42.12
518,Wachstedt,2815689,87,75,6.93,51.3,44.94
519,Mainstockheim,2874231,100,90,6.93,49.78,45.5
520,Vendenheim,6441394,81,93,8.05,48.67,48.83
521,Cambre,6357287,93,75,10.29,43.29,55.98
522,Lalmanirhat,1185181,70,0,2.59,25.91,70.97
523,Distrito de Portalegre,2264507,85,73,1.01,39.25,60.01
524,Pinehurst,4485272,42,1,8.05,35.2,66.13
525,Okarben,2857528,93,97,8.05,50.25,47.66
526,Lepenou,258497,82,20,6.93,38.7,61.29
527,Parnu-Jaagupi,589578,81,100,15.99,58.61,31.98
528,Yaracal,3625214,68,81,9.62,10.97,86.0
529,Lopez,3676417,85,49,5.82,2.43,70.57
530,Godendorf,2919582,94,99,1.05,53.27,44.69
531,Rot an der Rot,2844566,87,75,10.29,48.01,42.33
532,Guaymate,3504951,66,40,13.87,18.59,87.51
533,Attalla,4830768,52,1,3.36,34.02,68.0
534,Vorob’yëvka,472113,89,86,15.57,50.64,54.64
535,La Tour-Blanche,3006214,87,98,4.7,45.37,51.37
536,Marostica,3173878,87,40,3.36,45.75,49.41
537,Albareto,3183337,76,87,3.36,44.45,50.36
538,Longvillers,6427296,93,87,6.93,49.05,48.87
539,Thal,7304078,93,75,2.24,47.08,47.1
540,Allworth,2178040,51,90,3.36,-32.55,60.76
541,Aubergenville,3036402,87,92,2.24,48.96,48.88
542,Andili,1730802,78,98,1.99,7.46,71.96
543,Smol’nikovo,7601395,98,100,4.47,56.18,44.65
544,Carrion de los Condes,3126161,73,94,5.99,42.34,50.34
545,Palmas de Monte Alto,3455447,23,31,6.11,-14.27,96.19
546,Yakuin-Horibata,1848739,81,36,3.36,33.58,52.75
547,Williston,939702,35,55,19.3,-31.34,60.48
548,Uchiza,3691094,47,54,1.88,-8.46,85.41
549,Wabu,1912209,100,75,2.24,37.59,42.37
